name;category
Lost Vape;mod
Ambition Mods;mod
GeekVape;mod
Uwell;mod
E-leaf;mod
Sony;battery
LG;battery
Samsung;battery
Liqua;liquid
Vicious Ant;atomizer
Aspire;mod
SmokerStore;atomizer
BP Mods;atomizer
SmokerStore;driptip
SmokerStore;mod
Asmodus;mod
Asmodus;atomizer
The Crazy Wire;wire
Super Sorb;cotton
Nasty Juice;cotton
Nasty Juice;liquid
Dinner Lady;liquid
Dicodes;mod
BP Mods;mod
Cthulhu;mod
Diamond Mist;mod
Digiflavor;mod
Dotmod;mod
Dovpo;mod
Ehpro;mod
ElcigART;mod
Fakirsmods;mod
Joyetech;mod
Mark Bugs;mod
Mechlyfe;mod
Ohm Boy;mod
Smoktech;mod
Smoktech;atomizer
Squid industries;mod
Steam Crave;mod
Sunbox;mod
Ultroner;mod
Vandy Vape;mod
Vandy Vape;wire
Vandy Vape;coil
Vandy Vape;atomizer
Vaptio;mod
VGOD;mod
VooPoo;mod
Yihi;mod
Yihi;atomizer
Flavormonks;liquid
Frutie;liquid
Imperia;liquid
Imperia;base
Infamous;liquid
PJ Empire;liquid
